{"Memory":-0.9997928855330777,"Sig1":{"Bias":2.1699999943375587,"Inputs":[],"IsFirst":true,"IsOutput":false,"Name":"","Type":0,"Weights":[-3.909999966621399]},"Sig2":{"Bias":21.69000001437962,"Inputs":[],"IsFirst":true,"IsOutput":false,"Name":"","Type":0,"Weights":[23.770000457763672]},"Sig3":{"Bias":20.670000011101365,"Inputs":[],"IsFirst":true,"IsOutput":false,"Name":"","Type":0,"Weights":[14.890000354498625]},"Tanh1":{"Bias":-112.21999995596707,"Inputs":[],"IsFirst":true,"IsOutput":false,"Name":"","Type":1,"Weights":[-8.780000295490026]},"Tanh2":{"Bias":15.120000015944242,"Inputs":[],"IsFirst":true,"IsOutput":false,"Name":"","Type":1,"Weights":[15.150000095367432]}}