{"Memory":-0.9987767154517252,"Sig1":{"Bias":36.83000003360212,"Inputs":[],"IsFirst":true,"IsOutput":false,"Name":"","Type":0,"Weights":[-43.7600016258657]},"Sig2":{"Bias":388.0999999009073,"Inputs":[],"IsFirst":true,"IsOutput":false,"Name":"","Type":0,"Weights":[42.98999886959791]},"Sig3":{"Bias":129.57000005431473,"Inputs":[],"IsFirst":true,"IsOutput":false,"Name":"","Type":0,"Weights":[95.69000131078064]},"Tanh1":{"Bias":-334.2199999820441,"Inputs":[],"IsFirst":true,"IsOutput":false,"Name":"","Type":1,"Weights":[-0.3500001560896635]},"Tanh2":{"Bias":15.120000015944242,"Inputs":[],"IsFirst":true,"IsOutput":false,"Name":"","Type":1,"Weights":[15.150000095367432]}}