{"Memory":0.9999999850935342,"Sig1":{"Bias":5.819999992847443,"Inputs":[],"IsFirst":true,"IsOutput":false,"Name":"","Type":0,"Weights":[-28.090000169351697]},"Sig2":{"Bias":-0.28999999165534973,"Inputs":[],"IsFirst":true,"IsOutput":false,"Name":"","Type":0,"Weights":[9658.229999853298]},"Sig3":{"Bias":-2.419999986886978,"Inputs":[],"IsFirst":true,"IsOutput":false,"Name":"","Type":0,"Weights":[0.48999985307455063]},"Tanh1":{"Bias":-15.739999987185001,"Inputs":[],"IsFirst":true,"IsOutput":false,"Name":"","Type":1,"Weights":[124962.46999910474]},"Tanh2":{"Bias":9.0,"Inputs":[],"IsFirst":true,"IsOutput":false,"Name":"","Type":1,"Weights":[-9.030000008642673]}}