{"Memory":-0.9987583983991482,"Sig1":{"Bias":32.640000050887465,"Inputs":[],"IsFirst":true,"IsOutput":false,"Name":"","Type":0,"Weights":[-33.00000189617276]},"Sig2":{"Bias":393.3499998934567,"Inputs":[],"IsFirst":true,"IsOutput":false,"Name":"","Type":0,"Weights":[56.28999861329794]},"Sig3":{"Bias":144.61000005714595,"Inputs":[],"IsFirst":true,"IsOutput":false,"Name":"","Type":0,"Weights":[92.49000150151551]},"Tanh1":{"Bias":-335.9099999703467,"Inputs":[],"IsFirst":true,"IsOutput":false,"Name":"","Type":1,"Weights":[-0.3400001563131809]},"Tanh2":{"Bias":15.120000015944242,"Inputs":[],"IsFirst":true,"IsOutput":false,"Name":"","Type":1,"Weights":[15.150000095367432]}}