{"Memory":-0.9993012880703168,"Sig1":{"Bias":8.92000000178814,"Inputs":[],"IsFirst":true,"IsOutput":false,"Name":"","Type":0,"Weights":[-78.36000176519156]},"Sig2":{"Bias":126.8099999409169,"Inputs":[],"IsFirst":true,"IsOutput":false,"Name":"","Type":0,"Weights":[28.10999878682196]},"Sig3":{"Bias":92.61000002548099,"Inputs":[],"IsFirst":true,"IsOutput":false,"Name":"","Type":0,"Weights":[20.099999165162444]},"Tanh1":{"Bias":-274.20999994315207,"Inputs":[],"IsFirst":true,"IsOutput":false,"Name":"","Type":1,"Weights":[-0.8400001488626003]},"Tanh2":{"Bias":15.120000015944242,"Inputs":[],"IsFirst":true,"IsOutput":false,"Name":"","Type":1,"Weights":[15.150000095367432]}}