{"Memory":-0.9997669287288647,"Sig1":{"Bias":9.169999994337559,"Inputs":[],"IsFirst":true,"IsOutput":false,"Name":"","Type":0,"Weights":[-10.080000042915344]},"Sig2":{"Bias":28.990000009536743,"Inputs":[],"IsFirst":true,"IsOutput":false,"Name":"","Type":0,"Weights":[22.920000433921814]},"Sig3":{"Bias":13.430000007152557,"Inputs":[],"IsFirst":true,"IsOutput":false,"Name":"","Type":0,"Weights":[0.7700004689395428]},"Tanh1":{"Bias":-149.91999994777143,"Inputs":[],"IsFirst":true,"IsOutput":false,"Name":"","Type":1,"Weights":[-3.0100001208484173]},"Tanh2":{"Bias":15.120000015944242,"Inputs":[],"IsFirst":true,"IsOutput":false,"Name":"","Type":1,"Weights":[15.150000095367432]}}