{"Memory":0.9969717901201788,"Sig1":{"Bias":358.4400000553578,"Inputs":[],"IsFirst":true,"IsOutput":false,"Name":"","Type":0,"Weights":[-27.390000104904175]},"Sig2":{"Bias":349.21000010333955,"Inputs":[],"IsFirst":true,"IsOutput":false,"Name":"","Type":0,"Weights":[346.47000102326274]},"Sig3":{"Bias":300.2700000591576,"Inputs":[],"IsFirst":true,"IsOutput":false,"Name":"","Type":0,"Weights":[359.51000146754086]},"Tanh1":{"Bias":347.80999998375773,"Inputs":[],"IsFirst":true,"IsOutput":false,"Name":"","Type":1,"Weights":[-0.19000086188316345]},"Tanh2":{"Bias":-12.560000039637089,"Inputs":[],"IsFirst":true,"IsOutput":false,"Name":"","Type":1,"Weights":[12.609999194741249]}}