{"Memory":0.0,"Sig1":{"Bias":551.4900000002235,"Inputs":[],"IsFirst":true,"IsOutput":false,"Name":"","Type":0,"Weights":[325.97000013291836]},"Sig2":{"Bias":476.84000002220273,"Inputs":[],"IsFirst":true,"IsOutput":false,"Name":"","Type":0,"Weights":[584.7099966593087]},"Sig3":{"Bias":482.7100001089275,"Inputs":[],"IsFirst":true,"IsOutput":false,"Name":"","Type":0,"Weights":[816.0700007453561]},"Tanh1":{"Bias":203.78000005334616,"Inputs":[],"IsFirst":true,"IsOutput":false,"Name":"","Type":1,"Weights":[236.66999907419086]},"Tanh2":{"Bias":521.9200000371784,"Inputs":[],"IsFirst":true,"IsOutput":false,"Name":"","Type":1,"Weights":[558.1599972378463]}}