{"Memory":0.0,"Sig1":{"Bias":2007.370000006631,"Inputs":[],"IsFirst":true,"IsOutput":false,"Name":"","Type":0,"Weights":[2011.0500159524381]},"Sig2":{"Bias":2132.5699997302145,"Inputs":[],"IsFirst":true,"IsOutput":false,"Name":"","Type":0,"Weights":[1666.190000064671]},"Sig3":{"Bias":2154.2200000993907,"Inputs":[],"IsFirst":true,"IsOutput":false,"Name":"","Type":0,"Weights":[1803.5599964782596]},"Tanh1":{"Bias":1858.889999795705,"Inputs":[],"IsFirst":true,"IsOutput":false,"Name":"","Type":1,"Weights":[1846.0200078338385]},"Tanh2":{"Bias":2187.069999890402,"Inputs":[],"IsFirst":true,"IsOutput":false,"Name":"","Type":1,"Weights":[1983.5800024457276]}}