{"Memory":0.0,"Sig1":{"Bias":-3.209999993443489,"Inputs":[],"IsFirst":true,"IsOutput":false,"Name":"","Type":0,"Weights":[-11.210000038146973]},"Sig2":{"Bias":-4.419999986886978,"Inputs":[],"IsFirst":true,"IsOutput":false,"Name":"","Type":0,"Weights":[-12.420000076293945]},"Sig3":{"Bias":-5.629999980330467,"Inputs":[],"IsFirst":true,"IsOutput":false,"Name":"","Type":0,"Weights":[-13.630000114440918]},"Tanh1":{"Bias":-6.839999973773956,"Inputs":[],"IsFirst":true,"IsOutput":false,"Name":"","Type":1,"Weights":[-14.84000015258789]},"Tanh2":{"Bias":-8.049999967217445,"Inputs":[],"IsFirst":true,"IsOutput":false,"Name":"","Type":1,"Weights":[-16.050000190734863]}}