{"Memory":0.0,"Sig1":{"Bias":-0.27000001072883606,"Inputs":[],"IsFirst":true,"IsOutput":false,"Name":"","Type":0,"Weights":[-10.270000457763672]},"Sig2":{"Bias":-9.540000021457672,"Inputs":[],"IsFirst":true,"IsOutput":false,"Name":"","Type":0,"Weights":[-19.540000915527344]},"Sig3":{"Bias":-18.810000032186508,"Inputs":[],"IsFirst":true,"IsOutput":false,"Name":"","Type":0,"Weights":[-28.810001373291016]},"Tanh1":{"Bias":-28.080000042915344,"Inputs":[],"IsFirst":true,"IsOutput":false,"Name":"","Type":1,"Weights":[-38.08000183105469]},"Tanh2":{"Bias":-37.35000005364418,"Inputs":[],"IsFirst":true,"IsOutput":false,"Name":"","Type":1,"Weights":[-47.35000228881836]}}